Array Size,Threads,Serial Time,Parallel Time,Speedup
1000000,1,0.117628,0.026667,4.41099486256421794727
1000000,2,0.117628,0.026669,4.41066406689414676215
1000000,4,0.117628,0.026210,4.48790537962609690957
1000000,8,0.117628,0.026335,4.46660337953294095310
